other_medical,testing,ppe,travel,food,provider
ventilator,testing,ppe,travel,food,provider
surgical,test,face,attend,breakfast,clinic
consumable,site,mask,meeting,lunch,
medical,kit,nitrile,mileage,dinner,
supply,transport,glove,lodging,catering,
supplies,lab,n95,specs,meal,
refrigerated,laboratory,kn95,specifications,,
trailer,reagent,respirator,invest,,
hospital,,infrared,under,,
beds,,thermometer,expectations,,
laundry,,shield,expected,,
bleach,,,expecting,,
disinfectant,,,expect,,
sanitizing,,,,,
wipe,,,,,
